[
    {
        "id": 1,
        "date": "10.07.2016",
        "invoice_id": 151,
        "company": "Streich Ltd",
        "address": "0674 Hettinger Ports",
        "postcode": "78430",
        "city": "North Rowan",
        "services": [
            {
                "name": "Website design & development",
                "description": "Soluta quasi aperiam veritatis ut similique beatae temporibus.",
                "rate": "35.00",
                "tax": 8,
                "hours": 23
            },
            {
                "name": "Search engine optimization",
                "description": "Officiis nulla hic earum quas necessitatibus distinctio dolor voluptas sint numquam sint veniam beatae.",
                "rate": "40.00",
                "tax": 8,
                "hours": 25
            },
            {
                "name": "Consulting service",
                "description": "At sint laborum velit natus nostrum reiciendis ea minus.",
                "rate": "60.00",
                "tax": 23,
                "hours": 4
            }
        ],
        "bank_name": "Bank XYZ",
        "bank_id": "IBAN 123 456 789",
        "due_date": 7,
        "overdue": false
    },
    {
        "id": 2,
        "date": "10.06.2016",
        "invoice_id": 150,
        "company": "Ferry PLC",
        "address": "2220 Vena Spurs Apt. 871",
        "postcode": "65470",
        "city": "Lake Reymundoside",
        "services": [
            {
                "name": "Website design & development",
                "description": "Molestias consequatur maxime aliquam sint culpa vitae.",
                "rate": "35.00",
                "tax": 8,
                "hours": 44
            },
            {
                "name": "Search engine optimization",
                "description": "Quis qui dolor sed et sapiente reiciendis enim et fugiat minima ex perspiciatis.",
                "rate": "40.00",
                "tax": 23,
                "hours": 25
            },
            {
                "name": "Consulting service",
                "description": "Culpa ratione quisquam velit quasi est odit nesciunt ullam qui.",
                "rate": "60.00",
                "tax": 8,
                "hours": 4
            }
        ],
        "bank_name": "Bank XYZ",
        "bank_id": "IBAN 123 456 789",
        "due_date": 21,
        "overdue": false
    },
    {
        "id": 3,
        "date": "10.05.2016",
        "invoice_id": 149,
        "company": "Corkery Group",
        "address": "07311 Harmon Motorway Suite 455",
        "postcode": "72735-1819",
        "city": "West Zella",
        "services": [
            {
                "name": "Website design & development",
                "description": "Fugit sit voluptas vel adipisci est quaerat omnis culpa vel nihil.",
                "rate": "35.00",
                "tax": 23,
                "hours": 46
            },
            {
                "name": "Search engine optimization",
                "description": "Quam aut dolores occaecati ut autem ad nemo quam.",
                "rate": "40.00",
                "tax": 8,
                "hours": 24
            },
            {
                "name": "Consulting service",
                "description": "Sed quam id recusandae et in impedit iste optio nam fugit debitis atque quas.",
                "rate": "60.00",
                "tax": 8,
                "hours": 13
            }
        ],
        "bank_name": "Bank XYZ",
        "bank_id": "IBAN 123 456 789",
        "due_date": 21,
        "overdue": false
    },
    {
        "id": 4,
        "date": "10.04.2016",
        "invoice_id": 148,
        "company": "Raynor, Hettinger and Mayer",
        "address": "00532 Haag Highway",
        "postcode": "28324",
        "city": "Schultzfurt",
        "services": [
            {
                "name": "Website design & development",
                "description": "Est dignissimos quam excepturi ut accusamus rem consequatur eligendi quia.",
                "rate": "35.00",
                "tax": 23,
                "hours": 45
            },
            {
                "name": "Search engine optimization",
                "description": "Ad doloremque placeat velit velit eaque omnis placeat tempora rerum.",
                "rate": "40.00",
                "tax": 8,
                "hours": 23
            },
            {
                "name": "Consulting service",
                "description": "Sed atque impedit debitis et iure est qui ullam.",
                "rate": "60.00",
                "tax": 23,
                "hours": 6
            }
        ],
        "bank_name": "Bank XYZ",
        "bank_id": "IBAN 123 456 789",
        "due_date": 7,
        "overdue": false
    },
    {
        "id": 5,
        "date": "10.03.2016",
        "invoice_id": 147,
        "company": "Cormier, Bernhard and Lockman",
        "address": "90063 Isaias Mount Apt. 890",
        "postcode": "69642",
        "city": "Beahanberg",
        "services": [
            {
                "name": "Website design & development",
                "description": "Temporibus ut esse quia molestiae aut libero aut quam commodi quae totam temporibus nesciunt.",
                "rate": "35.00",
                "tax": 8,
                "hours": 45
            },
            {
                "name": "Search engine optimization",
                "description": "Veniam voluptatem officiis libero repudiandae qui aut et nobis praesentium dicta porro consequatur.",
                "rate": "40.00",
                "tax": 8,
                "hours": 30
            },
            {
                "name": "Consulting service",
                "description": "Quod velit vel occaecati modi maiores nisi accusamus voluptas quia aperiam sit.",
                "rate": "60.00",
                "tax": 23,
                "hours": 10
            }
        ],
        "bank_name": "Bank XYZ",
        "bank_id": "IBAN 123 456 789",
        "due_date": 21,
        "overdue": true
    },
    {
        "id": 6,
        "date": "10.02.2016",
        "invoice_id": 146,
        "company": "Lehner, Klocko and Ebert",
        "address": "063 Ima Corners",
        "postcode": "89550",
        "city": "Larsonchester",
        "services": [
            {
                "name": "Website design & development",
                "description": "Quis ratione non provident iure dolorem in qui ex.",
                "rate": "35.00",
                "tax": 23,
                "hours": 20
            },
            {
                "name": "Search engine optimization",
                "description": "Architecto sit temporibus repellat asperiores enim qui voluptatibus dolorem aut adipisci aut.",
                "rate": "40.00",
                "tax": 8,
                "hours": 11
            },
            {
                "name": "Consulting service",
                "description": "Voluptates animi et molestiae saepe eos sunt labore facilis delectus provident magnam minima.",
                "rate": "60.00",
                "tax": 23,
                "hours": 17
            }
        ],
        "bank_name": "Bank XYZ",
        "bank_id": "IBAN 123 456 789",
        "due_date": 21,
        "overdue": false
    },
    {
        "id": 7,
        "date": "10.01.2016",
        "invoice_id": 145,
        "company": "Lemke LLC",
        "address": "9088 Rodolfo Bridge Apt. 063",
        "postcode": "97200-5261",
        "city": "West Kelleyside",
        "services": [
            {
                "name": "Website design & development",
                "description": "Iusto sunt incidunt voluptatum voluptatem sed occaecati quis sed sequi.",
                "rate": "35.00",
                "tax": 23,
                "hours": 42
            },
            {
                "name": "Search engine optimization",
                "description": "Eum odit dignissimos pariatur est molestiae rem vel fugiat dolores sed quas voluptas.",
                "rate": "40.00",
                "tax": 5,
                "hours": 21
            },
            {
                "name": "Consulting service",
                "description": "Dignissimos aspernatur quam soluta cumque ex voluptatem culpa non voluptatem dolores repudiandae.",
                "rate": "60.00",
                "tax": 23,
                "hours": 13
            }
        ],
        "bank_name": "Bank XYZ",
        "bank_id": "IBAN 123 456 789",
        "due_date": 21,
        "overdue": false
    },
    {
        "id": 8,
        "date": "09.30.2016",
        "invoice_id": 144,
        "company": "Wisozk-Fritsch",
        "address": "01673 Kling Road",
        "postcode": "68470",
        "city": "South Julianport",
        "services": [
            {
                "name": "Website design & development",
                "description": "Neque doloremque mollitia placeat necessitatibus ut dolor laboriosam.",
                "rate": "35.00",
                "tax": 8,
                "hours": 36
            },
            {
                "name": "Search engine optimization",
                "description": "Voluptas rem qui cumque facilis recusandae nihil velit veritatis est minima.",
                "rate": "40.00",
                "tax": 23,
                "hours": 28
            },
            {
                "name": "Consulting service",
                "description": "Aut deleniti similique delectus et consequatur optio neque in cum eius sint.",
                "rate": "60.00",
                "tax": 8,
                "hours": 1
            }
        ],
        "bank_name": "Bank XYZ",
        "bank_id": "IBAN 123 456 789",
        "due_date": 21,
        "overdue": false
    },
    {
        "id": 9,
        "date": "09.29.2016",
        "invoice_id": 143,
        "company": "Larson PLC",
        "address": "7075 Torey Springs Apt. 111",
        "postcode": "30788-3400",
        "city": "Estefaniaside",
        "services": [
            {
                "name": "Website design & development",
                "description": "Commodi distinctio est architecto odit enim culpa excepturi.",
                "rate": "35.00",
                "tax": 23,
                "hours": 39
            },
            {
                "name": "Search engine optimization",
                "description": "Dolorem est velit est ullam numquam sequi ullam blanditiis est ullam laborum mollitia.",
                "rate": "40.00",
                "tax": 5,
                "hours": 15
            },
            {
                "name": "Consulting service",
                "description": "Sunt eum libero amet dolor fuga eum consequuntur ducimus aliquid facilis harum at.",
                "rate": "60.00",
                "tax": 23,
                "hours": 14
            }
        ],
        "bank_name": "Bank XYZ",
        "bank_id": "IBAN 123 456 789",
        "due_date": 7,
        "overdue": true
    },
    {
        "id": 10,
        "date": "09.28.2016",
        "invoice_id": 142,
        "company": "Kris, Steuber and McKenzie",
        "address": "17597 Michelle Shoals",
        "postcode": "66371",
        "city": "Lake Beatricehaven",
        "services": [
            {
                "name": "Website design & development",
                "description": "Aut autem repellendus nisi soluta similique vitae vero veritatis suscipit.",
                "rate": "35.00",
                "tax": 5,
                "hours": 58
            },
            {
                "name": "Search engine optimization",
                "description": "Asperiores nesciunt sequi perspiciatis laborum necessitatibus quasi tenetur nostrum est recusandae consequatur rerum.",
                "rate": "40.00",
                "tax": 5,
                "hours": 16
            },
            {
                "name": "Consulting service",
                "description": "Nulla amet eos rem quo qui commodi voluptas dolores consequatur ut aut veniam.",
                "rate": "60.00",
                "tax": 8,
                "hours": 18
            }
        ],
        "bank_name": "Bank XYZ",
        "bank_id": "IBAN 123 456 789",
        "due_date": 14,
        "overdue": false
    },
    {
        "id": 11,
        "date": "09.27.2016",
        "invoice_id": 141,
        "company": "Shanahan-Brekke",
        "address": "90597 Simonis Orchard Apt. 233",
        "postcode": "80711-0582",
        "city": "Pfannerstillmouth",
        "services": [
            {
                "name": "Website design & development",
                "description": "Illo ut nihil qui praesentium libero cum tenetur.",
                "rate": "35.00",
                "tax": 8,
                "hours": 54
            },
            {
                "name": "Search engine optimization",
                "description": "Amet sequi veritatis tempore omnis aut eveniet fugiat nulla.",
                "rate": "40.00",
                "tax": 23,
                "hours": 29
            },
            {
                "name": "Consulting service",
                "description": "Blanditiis aut nihil dolorum assumenda tempore temporibus.",
                "rate": "60.00",
                "tax": 23,
                "hours": 6
            }
        ],
        "bank_name": "Bank XYZ",
        "bank_id": "IBAN 123 456 789",
        "due_date": 14,
        "overdue": false
    },
    {
        "id": 12,
        "date": "09.26.2016",
        "invoice_id": 140,
        "company": "Mueller-Shanahan",
        "address": "3034 Boehm Skyway Suite 182",
        "postcode": "42151-6376",
        "city": "New Donaldshire",
        "services": [
            {
                "name": "Website design & development",
                "description": "Dolorem ipsa voluptatem sunt est voluptatibus qui blanditiis.",
                "rate": "35.00",
                "tax": 8,
                "hours": 33
            },
            {
                "name": "Search engine optimization",
                "description": "Voluptatibus impedit repudiandae exercitationem nemo sit quasi ullam.",
                "rate": "40.00",
                "tax": 5,
                "hours": 29
            },
            {
                "name": "Consulting service",
                "description": "A possimus totam qui ducimus et similique magni omnis nisi.",
                "rate": "60.00",
                "tax": 5,
                "hours": 15
            }
        ],
        "bank_name": "Bank XYZ",
        "bank_id": "IBAN 123 456 789",
        "due_date": 21,
        "overdue": false
    },
    {
        "id": 13,
        "date": "09.25.2016",
        "invoice_id": 139,
        "company": "Stark Group",
        "address": "62158 Haley Radial",
        "postcode": "94306-8711",
        "city": "West Jamison",
        "services": [
            {
                "name": "Website design & development",
                "description": "Illo eius ad animi non nihil aut mollitia quaerat quo dolor molestiae perspiciatis quidem asperiores.",
                "rate": "35.00",
                "tax": 8,
                "hours": 32
            },
            {
                "name": "Search engine optimization",
                "description": "Temporibus et aut unde sunt quia cumque aliquid labore.",
                "rate": "40.00",
                "tax": 23,
                "hours": 27
            },
            {
                "name": "Consulting service",
                "description": "Alias doloremque dolor qui a soluta velit.",
                "rate": "60.00",
                "tax": 23,
                "hours": 14
            }
        ],
        "bank_name": "Bank XYZ",
        "bank_id": "IBAN 123 456 789",
        "due_date": 14,
        "overdue": false
    },
    {
        "id": 14,
        "date": "09.24.2016",
        "invoice_id": 138,
        "company": "Bashirian LLC",
        "address": "817 Katlynn Mall Suite 047",
        "postcode": "19476",
        "city": "Peteborough",
        "services": [
            {
                "name": "Website design & development",
                "description": "Pariatur rerum itaque similique placeat ut eligendi quis ipsam ut consequatur veritatis.",
                "rate": "35.00",
                "tax": 23,
                "hours": 37
            },
            {
                "name": "Search engine optimization",
                "description": "Dignissimos vel voluptatum enim qui et delectus optio et tempora.",
                "rate": "40.00",
                "tax": 23,
                "hours": 20
            },
            {
                "name": "Consulting service",
                "description": "Eum odio atque harum et aliquid vero fugit cumque et.",
                "rate": "60.00",
                "tax": 5,
                "hours": 10
            }
        ],
        "bank_name": "Bank XYZ",
        "bank_id": "IBAN 123 456 789",
        "due_date": 14,
        "overdue": false
    },
    {
        "id": 15,
        "date": "09.23.2016",
        "invoice_id": 137,
        "company": "Zulauf-Gutmann",
        "address": "5261 O'Kon Station",
        "postcode": "00529-6627",
        "city": "Abdullahton",
        "services": [
            {
                "name": "Website design & development",
                "description": "Consectetur consequatur quibusdam pariatur maxime sed est esse culpa ipsum aliquam aut quia.",
                "rate": "35.00",
                "tax": 8,
                "hours": 22
            },
            {
                "name": "Search engine optimization",
                "description": "Accusamus odio quos officiis ex suscipit consequuntur dicta ducimus recusandae et delectus saepe ipsa.",
                "rate": "40.00",
                "tax": 23,
                "hours": 24
            },
            {
                "name": "Consulting service",
                "description": "Quibusdam porro architecto dolor aliquid deserunt accusamus cupiditate autem non aliquam.",
                "rate": "60.00",
                "tax": 5,
                "hours": 3
            }
        ],
        "bank_name": "Bank XYZ",
        "bank_id": "IBAN 123 456 789",
        "due_date": 7,
        "overdue": false
    },
    {
        "id": 16,
        "date": "09.22.2016",
        "invoice_id": 136,
        "company": "Russel-Glover",
        "address": "5821 Jonathon Village",
        "postcode": "78243",
        "city": "North Vincenzoborough",
        "services": [
            {
                "name": "Website design & development",
                "description": "Qui excepturi rem nisi dolor quo nihil veniam optio dolores laudantium.",
                "rate": "35.00",
                "tax": 23,
                "hours": 46
            },
            {
                "name": "Search engine optimization",
                "description": "Soluta voluptatem quia numquam sit dolore aspernatur harum voluptas accusamus eaque necessitatibus deleniti ut.",
                "rate": "40.00",
                "tax": 23,
                "hours": 12
            },
            {
                "name": "Consulting service",
                "description": "Praesentium distinctio consequatur praesentium explicabo quo iste.",
                "rate": "60.00",
                "tax": 5,
                "hours": 8
            }
        ],
        "bank_name": "Bank XYZ",
        "bank_id": "IBAN 123 456 789",
        "due_date": 7,
        "overdue": false
    },
    {
        "id": 17,
        "date": "09.21.2016",
        "invoice_id": 135,
        "company": "Schowalter-Mosciski",
        "address": "506 Herzog Lodge Apt. 910",
        "postcode": "51793",
        "city": "Vonville",
        "services": [
            {
                "name": "Website design & development",
                "description": "Rerum qui officia dolorum aperiam qui voluptas dolorem qui voluptatem.",
                "rate": "35.00",
                "tax": 23,
                "hours": 32
            },
            {
                "name": "Search engine optimization",
                "description": "Dolorem labore excepturi placeat libero ut quaerat.",
                "rate": "40.00",
                "tax": 23,
                "hours": 17
            },
            {
                "name": "Consulting service",
                "description": "Et eum ea ratione nobis qui odio.",
                "rate": "60.00",
                "tax": 5,
                "hours": 8
            }
        ],
        "bank_name": "Bank XYZ",
        "bank_id": "IBAN 123 456 789",
        "due_date": 21,
        "overdue": true
    },
    {
        "id": 18,
        "date": "09.20.2016",
        "invoice_id": 134,
        "company": "Emard, Harris and Hamill",
        "address": "440 Powlowski Avenue Apt. 649",
        "postcode": "80656-4581",
        "city": "Port Retta",
        "services": [
            {
                "name": "Website design & development",
                "description": "Recusandae quaerat enim qui delectus est ut nulla in.",
                "rate": "35.00",
                "tax": 5,
                "hours": 20
            },
            {
                "name": "Search engine optimization",
                "description": "Maxime natus itaque explicabo fuga officiis natus est rerum.",
                "rate": "40.00",
                "tax": 8,
                "hours": 30
            },
            {
                "name": "Consulting service",
                "description": "Et laudantium fugit ipsa voluptas impedit iste dolorem tempora debitis.",
                "rate": "60.00",
                "tax": 8,
                "hours": 3
            }
        ],
        "bank_name": "Bank XYZ",
        "bank_id": "IBAN 123 456 789",
        "due_date": 21,
        "overdue": false
    },
    {
        "id": 19,
        "date": "09.19.2016",
        "invoice_id": 133,
        "company": "Fay-Kuphal",
        "address": "4045 Schiller Ranch Apt. 363",
        "postcode": "77674",
        "city": "Aldentown",
        "services": [
            {
                "name": "Website design & development",
                "description": "Commodi dolor porro rerum sunt placeat qui voluptatem repellat impedit quibusdam voluptate aut laboriosam.",
                "rate": "35.00",
                "tax": 8,
                "hours": 53
            },
            {
                "name": "Search engine optimization",
                "description": "Consequuntur enim perferendis vero iste cupiditate repellendus placeat ut debitis officia.",
                "rate": "40.00",
                "tax": 5,
                "hours": 19
            },
            {
                "name": "Consulting service",
                "description": "Modi autem quia omnis eum magnam quis pariatur unde omnis delectus cupiditate suscipit aut.",
                "rate": "60.00",
                "tax": 8,
                "hours": 17
            }
        ],
        "bank_name": "Bank XYZ",
        "bank_id": "IBAN 123 456 789",
        "due_date": 7,
        "overdue": false
    },
    {
        "id": 20,
        "date": "09.18.2016",
        "invoice_id": 132,
        "company": "Lind, Nikolaus and Abbott",
        "address": "772 Stehr Station Suite 188",
        "postcode": "82339",
        "city": "Gracielashire",
        "services": [
            {
                "name": "Website design & development",
                "description": "Labore quis vel esse at quaerat impedit amet eveniet atque facere quidem enim aspernatur.",
                "rate": "35.00",
                "tax": 5,
                "hours": 23
            },
            {
                "name": "Search engine optimization",
                "description": "Blanditiis omnis debitis incidunt a et quaerat.",
                "rate": "40.00",
                "tax": 5,
                "hours": 20
            },
            {
                "name": "Consulting service",
                "description": "Nihil dignissimos maiores veniam aspernatur consequatur sunt eum quis doloribus quae voluptas temporibus rerum.",
                "rate": "60.00",
                "tax": 8,
                "hours": 1
            }
        ],
        "bank_name": "Bank XYZ",
        "bank_id": "IBAN 123 456 789",
        "due_date": 14,
        "overdue": false
    },
    {
        "id": 21,
        "date": "09.17.2016",
        "invoice_id": 131,
        "company": "Konopelski PLC",
        "address": "10910 Darby Manors",
        "postcode": "86741-4127",
        "city": "East Kattie",
        "services": [
            {
                "name": "Website design & development",
                "description": "Deleniti est doloremque consectetur quis est consectetur est optio recusandae sunt id qui molestiae.",
                "rate": "35.00",
                "tax": 5,
                "hours": 51
            },
            {
                "name": "Search engine optimization",
                "description": "Quia dolorum doloremque minima maxime sint rerum quis at sint itaque animi et.",
                "rate": "40.00",
                "tax": 5,
                "hours": 24
            },
            {
                "name": "Consulting service",
                "description": "Et excepturi non quas excepturi quo quis omnis ducimus vel.",
                "rate": "60.00",
                "tax": 8,
                "hours": 18
            }
        ],
        "bank_name": "Bank XYZ",
        "bank_id": "IBAN 123 456 789",
        "due_date": 21,
        "overdue": false
    },
    {
        "id": 22,
        "date": "09.16.2016",
        "invoice_id": 130,
        "company": "O'Kon-Hoppe",
        "address": "508 Nina Roads",
        "postcode": "56993",
        "city": "New Tyrell",
        "services": [
            {
                "name": "Website design & development",
                "description": "Quo omnis dignissimos et distinctio qui libero enim voluptatibus.",
                "rate": "35.00",
                "tax": 8,
                "hours": 32
            },
            {
                "name": "Search engine optimization",
                "description": "Consequuntur ducimus omnis numquam placeat in at eveniet corrupti modi rerum voluptatem praesentium eos.",
                "rate": "40.00",
                "tax": 23,
                "hours": 25
            },
            {
                "name": "Consulting service",
                "description": "Dolores ratione animi laboriosam accusantium nulla nesciunt ex illo repellendus animi quis officia sed.",
                "rate": "60.00",
                "tax": 5,
                "hours": 13
            }
        ],
        "bank_name": "Bank XYZ",
        "bank_id": "IBAN 123 456 789",
        "due_date": 7,
        "overdue": false
    }
]