[
    {
        "CustomerID": "01",
        "ContactName": "Carlee Raynor I",
        "CompanyName": "Langworth-Heaney"
    },
    {
        "CustomerID": "02",
        "ContactName": "Korbin Doyle",
        "CompanyName": "Beatty Inc"
    },
    {
        "CustomerID": "03",
        "ContactName": "William Block",
        "CompanyName": "King PLC"
    },
    {
        "CustomerID": "04",
        "ContactName": "Trenton Hauck",
        "CompanyName": "Erdman-Zboncak"
    },
    {
        "CustomerID": "05",
        "ContactName": "Alia Walter",
        "CompanyName": "Hand PLC"
    },
    {
        "CustomerID": "06",
        "ContactName": "Amira Hagenes Jr.",
        "CompanyName": "Blick, Ruecker and Ratke"
    },
    {
        "CustomerID": "07",
        "ContactName": "Dr. Anthony Zulauf DVM",
        "CompanyName": "Armstrong-Bergnaum"
    },
    {
        "CustomerID": "08",
        "ContactName": "Prof. Percy Brown",
        "CompanyName": "Berge, Tromp and Lowe"
    },
    {
        "CustomerID": "09",
        "ContactName": "Delilah Littel",
        "CompanyName": "Sporer-Abbott"
    },
    {
        "CustomerID": "10",
        "ContactName": "Mrs. Sabina Maggio",
        "CompanyName": "Stokes Ltd"
    }
]