[
    {
        "date": "2016-01-01", 
        "value": 2062.025150690567
    }, 
    {
        "date": "2016-01-02", 
        "value": 9490.615524570567
    }, 
    {
        "date": "2016-01-03", 
        "value": 49143.35242208582
    }, 
    {
        "date": "2016-01-04", 
        "value": 83781.24929181556
    }, 
    {
        "date": "2016-01-05", 
        "value": 109648.70666620035
    }, 
    {
        "date": "2016-01-06", 
        "value": 46173.741222724544
    }, 
    {
        "date": "2016-01-07", 
        "value": 165309.1825970328
    }, 
    {
        "date": "2016-01-08", 
        "value": 134390.76197886752
    }, 
    {
        "date": "2016-01-09", 
        "value": 382245.0764417244
    }, 
    {
        "date": "2016-01-10", 
        "value": 261951.04021767154
    }, 
    {
        "date": "2016-01-11", 
        "value": 365476.76967184874
    }, 
    {
        "date": "2016-01-12", 
        "value": 307933.33112867293
    }, 
    {
        "date": "2016-01-13", 
        "value": 122142.84412918231
    }, 
    {
        "date": "2016-01-14", 
        "value": 439273.6427485952
    }, 
    {
        "date": "2016-01-15", 
        "value": 283379.5623780852
    }, 
    {
        "date": "2016-01-16", 
        "value": 238943.45026934962
    }, 
    {
        "date": "2016-01-17", 
        "value": 363906.78317270277
    }, 
    {
        "date": "2016-01-18", 
        "value": 1018001.8313018363
    }, 
    {
        "date": "2016-01-19", 
        "value": 1138159.039774829
    }, 
    {
        "date": "2016-01-20", 
        "value": 316399.43565288646
    }, 
    {
        "date": "2016-01-21", 
        "value": 94835.07271610542
    }, 
    {
        "date": "2016-01-22", 
        "value": 18781.513209857534
    }, 
    {
        "date": "2016-01-23", 
        "value": 18249.48928239598
    }, 
    {
        "date": "2016-01-24", 
        "value": 3999.643726105876
    }, 
    {
        "date": "2016-01-25", 
        "value": 14221.763703455596
    }, 
    {
        "date": "2016-01-26", 
        "value": 3444.9725583557893
    }, 
    {
        "date": "2016-01-27", 
        "value": 7147.116251563855
    }, 
    {
        "date": "2016-01-28", 
        "value": 14502.314013448287
    }, 
    {
        "date": "2016-01-29", 
        "value": 44911.76232177228
    }, 
    {
        "date": "2016-01-30", 
        "value": 122174.22764316449
    }, 
    {
        "date": "2016-01-31", 
        "value": 54225.475099677475
    }, 
    {
        "date": "2016-02-01", 
        "value": 29195.867918886433
    }, 
    {
        "date": "2016-02-02", 
        "value": 30485.050577153477
    }, 
    {
        "date": "2016-02-03", 
        "value": 4960.742108121759
    }, 
    {
        "date": "2016-02-04", 
        "value": 5814.4040147487185
    }, 
    {
        "date": "2016-02-05", 
        "value": 2075.4863124795897
    }, 
    {
        "date": "2016-02-06", 
        "value": 11365.620177539273
    }, 
    {
        "date": "2016-02-07", 
        "value": 6818.763378635227
    }, 
    {
        "date": "2016-02-08", 
        "value": 7265.042372143863
    }, 
    {
        "date": "2016-02-09", 
        "value": 1288.1919040639705
    }, 
    {
        "date": "2016-02-10", 
        "value": 2903.318504081354
    }, 
    {
        "date": "2016-02-11", 
        "value": 3476.3564765091846
    }, 
    {
        "date": "2016-02-12", 
        "value": 428.6416126782084
    }, 
    {
        "date": "2016-02-13", 
        "value": 4566.4372898258425
    }, 
    {
        "date": "2016-02-14", 
        "value": 711.2536837438607
    }, 
    {
        "date": "2016-02-15", 
        "value": 384.520808469771
    }, 
    {
        "date": "2016-02-16", 
        "value": 126.37136078741982
    }, 
    {
        "date": "2016-02-17", 
        "value": 1709.721519931354
    }, 
    {
        "date": "2016-02-18", 
        "value": 10148.81839728999
    }, 
    {
        "date": "2016-02-19", 
        "value": 3819.8318150089253
    }, 
    {
        "date": "2016-02-20", 
        "value": 1911.5698109115874
    }, 
    {
        "date": "2016-02-21", 
        "value": 1237.0465606485475
    }, 
    {
        "date": "2016-02-22", 
        "value": 82.83456054447824
    }, 
    {
        "date": "2016-02-23", 
        "value": 247.0567207206995
    }, 
    {
        "date": "2016-02-24", 
        "value": 2203.4022567407605
    }, 
    {
        "date": "2016-02-25", 
        "value": 200.68097764702628
    }, 
    {
        "date": "2016-02-26", 
        "value": 1121.5673568474388
    }, 
    {
        "date": "2016-02-27", 
        "value": 627.5130197784911
    }, 
    {
        "date": "2016-02-28", 
        "value": 1962.9915978862207
    }, 
    {
        "date": "2016-03-01", 
        "value": 4167.075152352931
    }, 
    {
        "date": "2016-03-02", 
        "value": 3849.2422430353718
    }, 
    {
        "date": "2016-03-03", 
        "value": 26024.15104428929
    }, 
    {
        "date": "2016-03-04", 
        "value": 45516.77289686834
    }, 
    {
        "date": "2016-03-05", 
        "value": 7027.573697798366
    }, 
    {
        "date": "2016-03-06", 
        "value": 17669.906070121062
    }, 
    {
        "date": "2016-03-07", 
        "value": 31044.119274296314
    }, 
    {
        "date": "2016-03-08", 
        "value": 16408.707887136083
    }, 
    {
        "date": "2016-03-09", 
        "value": 3892.134863935774
    }, 
    {
        "date": "2016-03-10", 
        "value": 11938.967226184868
    }, 
    {
        "date": "2016-03-11", 
        "value": 1553.5233934189364
    }, 
    {
        "date": "2016-03-12", 
        "value": 11862.515702018087
    }, 
    {
        "date": "2016-03-13", 
        "value": 11158.305407269254
    }, 
    {
        "date": "2016-03-14", 
        "value": 1334.4016354870455
    }, 
    {
        "date": "2016-03-15", 
        "value": 2187.7480927633233
    }, 
    {
        "date": "2016-03-16", 
        "value": 4024.375328815201
    }, 
    {
        "date": "2016-03-17", 
        "value": 2395.3870463434037
    }, 
    {
        "date": "2016-03-18", 
        "value": 1087.1435238277254
    }, 
    {
        "date": "2016-03-19", 
        "value": 677.9406955253385
    }, 
    {
        "date": "2016-03-20", 
        "value": 1684.7330261245882
    }, 
    {
        "date": "2016-03-21", 
        "value": 3009.7657573084657
    }, 
    {
        "date": "2016-03-22", 
        "value": 13969.174225175822
    }, 
    {
        "date": "2016-03-23", 
        "value": 68108.10656837105
    }, 
    {
        "date": "2016-03-24", 
        "value": 188573.87239187933
    }, 
    {
        "date": "2016-03-25", 
        "value": 559783.3612696081
    }, 
    {
        "date": "2016-03-26", 
        "value": 209480.2451268065
    }, 
    {
        "date": "2016-03-27", 
        "value": 139144.43213947577
    }, 
    {
        "date": "2016-03-28", 
        "value": 365608.9134261734
    }, 
    {
        "date": "2016-03-29", 
        "value": 320844.7892292448
    }, 
    {
        "date": "2016-03-30", 
        "value": 211943.9255856596
    }, 
    {
        "date": "2016-03-31", 
        "value": 762121.6146144189
    }, 
    {
        "date": "2016-04-01", 
        "value": 1553918.287468606
    }, 
    {
        "date": "2016-04-02", 
        "value": 2776190.8340374744
    }, 
    {
        "date": "2016-04-03", 
        "value": 2132982.883619252
    }, 
    {
        "date": "2016-04-04", 
        "value": 3034471.5222186935
    }, 
    {
        "date": "2016-04-05", 
        "value": 8334267.184667878
    }, 
    {
        "date": "2016-04-06", 
        "value": 19096849.199135397
    }, 
    {
        "date": "2016-04-07", 
        "value": 35173655.63395549
    }, 
    {
        "date": "2016-04-08", 
        "value": 35284088.03655991
    }, 
    {
        "date": "2016-04-09", 
        "value": 15386352.945048828
    }, 
    {
        "date": "2016-04-10", 
        "value": 16092176.925682666
    }, 
    {
        "date": "2016-04-11", 
        "value": 17800747.264360324
    }, 
    {
        "date": "2016-04-12", 
        "value": 9022272.93207202
    }, 
    {
        "date": "2016-04-13", 
        "value": 19539255.318293292
    }, 
    {
        "date": "2016-04-14", 
        "value": 18632765.170638006
    }, 
    {
        "date": "2016-04-15", 
        "value": 22207773.697823893
    }, 
    {
        "date": "2016-04-16", 
        "value": 20513350.14760112
    }, 
    {
        "date": "2016-04-17", 
        "value": 8644588.740459614
    }, 
    {
        "date": "2016-04-18", 
        "value": 3866972.7646409343
    }, 
    {
        "date": "2016-04-19", 
        "value": 8627791.327706825
    }, 
    {
        "date": "2016-04-20", 
        "value": 21876288.3070209
    }, 
    {
        "date": "2016-04-21", 
        "value": 13065156.692366121
    }, 
    {
        "date": "2016-04-22", 
        "value": 7006977.18803938
    }, 
    {
        "date": "2016-04-23", 
        "value": 7322004.070875965
    }, 
    {
        "date": "2016-04-24", 
        "value": 9144087.906869492
    }, 
    {
        "date": "2016-04-25", 
        "value": 15712634.308609735
    }, 
    {
        "date": "2016-04-26", 
        "value": 11675332.990584275
    }, 
    {
        "date": "2016-04-27", 
        "value": 5276441.428244869
    }, 
    {
        "date": "2016-04-28", 
        "value": 2098065.0498573617
    }, 
    {
        "date": "2016-04-29", 
        "value": 4274196.893315845
    }, 
    {
        "date": "2016-04-30", 
        "value": 6837182.692798125
    }, 
    {
        "date": "2016-05-01", 
        "value": 5762561.20563913
    }, 
    {
        "date": "2016-05-02", 
        "value": 8597818.493391953
    }, 
    {
        "date": "2016-05-03", 
        "value": 15162543.40157677
    }, 
    {
        "date": "2016-05-04", 
        "value": 10330812.046296848
    }, 
    {
        "date": "2016-05-05", 
        "value": 8535447.031729257
    }, 
    {
        "date": "2016-05-06", 
        "value": 3486240.413358828
    }, 
    {
        "date": "2016-05-07", 
        "value": 2402788.773306244
    }, 
    {
        "date": "2016-05-08", 
        "value": 2289950.291292259
    }, 
    {
        "date": "2016-05-09", 
        "value": 3518464.1366947945
    }, 
    {
        "date": "2016-05-10", 
        "value": 2218638.123249026
    }, 
    {
        "date": "2016-05-11", 
        "value": 3024707.6308568935
    }, 
    {
        "date": "2016-05-12", 
        "value": 1481284.8173510565
    }, 
    {
        "date": "2016-05-13", 
        "value": 3804459.7482742644
    }, 
    {
        "date": "2016-05-14", 
        "value": 3166547.5499812495
    }, 
    {
        "date": "2016-05-15", 
        "value": 1244140.8712990445
    }, 
    {
        "date": "2016-05-16", 
        "value": 1176461.8065991711
    }, 
    {
        "date": "2016-05-17", 
        "value": 348538.1604919795
    }, 
    {
        "date": "2016-05-18", 
        "value": 630138.4502415754
    }, 
    {
        "date": "2016-05-19", 
        "value": 263415.04074479925
    }, 
    {
        "date": "2016-05-20", 
        "value": 316526.39152859966
    }, 
    {
        "date": "2016-05-21", 
        "value": 429475.93857651815
    }, 
    {
        "date": "2016-05-22", 
        "value": 1384523.2440813945
    }, 
    {
        "date": "2016-05-23", 
        "value": 1422251.2082510514
    }, 
    {
        "date": "2016-05-24", 
        "value": 2982780.2273946116
    }, 
    {
        "date": "2016-05-25", 
        "value": 1592004.698676512
    }, 
    {
        "date": "2016-05-26", 
        "value": 705823.7238808231
    }, 
    {
        "date": "2016-05-27", 
        "value": 382341.76239653886
    }, 
    {
        "date": "2016-05-28", 
        "value": 117304.37608341743
    }, 
    {
        "date": "2016-05-29", 
        "value": 103270.103426627
    }, 
    {
        "date": "2016-05-30", 
        "value": 189088.38503418514
    }, 
    {
        "date": "2016-05-31", 
        "value": 67547.73907513174
    }, 
    {
        "date": "2016-06-01", 
        "value": 152445.22088057562
    }, 
    {
        "date": "2016-06-02", 
        "value": 616622.4572364822
    }, 
    {
        "date": "2016-06-03", 
        "value": 1330103.0525501214
    }, 
    {
        "date": "2016-06-04", 
        "value": 4077706.361059827
    }, 
    {
        "date": "2016-06-05", 
        "value": 4338332.117707394
    }, 
    {
        "date": "2016-06-06", 
        "value": 9626054.268217776
    }, 
    {
        "date": "2016-06-07", 
        "value": 6269805.105786423
    }, 
    {
        "date": "2016-06-08", 
        "value": 2834343.2338959207
    }, 
    {
        "date": "2016-06-09", 
        "value": 2175015.158688689
    }, 
    {
        "date": "2016-06-10", 
        "value": 812456.163680258
    }, 
    {
        "date": "2016-06-11", 
        "value": 2175163.4473366365
    }, 
    {
        "date": "2016-06-12", 
        "value": 3808510.5886766836
    }, 
    {
        "date": "2016-06-13", 
        "value": 5640689.343213645
    }, 
    {
        "date": "2016-06-14", 
        "value": 4790537.231192042
    }, 
    {
        "date": "2016-06-15", 
        "value": 4120824.1460910775
    }, 
    {
        "date": "2016-06-16", 
        "value": 5302994.492796655
    }, 
    {
        "date": "2016-06-17", 
        "value": 5186664.730492513
    }, 
    {
        "date": "2016-06-18", 
        "value": 4044030.4941446534
    }, 
    {
        "date": "2016-06-19", 
        "value": 8581214.856586913
    }, 
    {
        "date": "2016-06-20", 
        "value": 15013739.74932458
    }, 
    {
        "date": "2016-06-21", 
        "value": 5719554.417262289
    }, 
    {
        "date": "2016-06-22", 
        "value": 2453002.234262133
    }, 
    {
        "date": "2016-06-23", 
        "value": 7264081.292628654
    }, 
    {
        "date": "2016-06-24", 
        "value": 3809522.1941388543
    }, 
    {
        "date": "2016-06-25", 
        "value": 2357350.1101749516
    }, 
    {
        "date": "2016-06-26", 
        "value": 1451776.5422490966
    }, 
    {
        "date": "2016-06-27", 
        "value": 1951158.0790648684
    }, 
    {
        "date": "2016-06-28", 
        "value": 942477.7660032308
    }, 
    {
        "date": "2016-06-29", 
        "value": 284438.3044602669
    }, 
    {
        "date": "2016-06-30", 
        "value": 395774.63111623266
    }, 
    {
        "date": "2016-07-01", 
        "value": 181209.66166852613
    }, 
    {
        "date": "2016-07-02", 
        "value": 99093.59454012293
    }, 
    {
        "date": "2016-07-03", 
        "value": 112785.84621170859
    }, 
    {
        "date": "2016-07-04", 
        "value": 268022.501587529
    }, 
    {
        "date": "2016-07-05", 
        "value": 624290.8018990511
    }, 
    {
        "date": "2016-07-06", 
        "value": 836181.367972055
    }, 
    {
        "date": "2016-07-07", 
        "value": 565108.5866839852
    }, 
    {
        "date": "2016-07-08", 
        "value": 293702.2823721791
    }, 
    {
        "date": "2016-07-09", 
        "value": 128190.39198775633
    }, 
    {
        "date": "2016-07-10", 
        "value": 57180.40753508925
    }, 
    {
        "date": "2016-07-11", 
        "value": 62878.27977730392
    }, 
    {
        "date": "2016-07-12", 
        "value": 204999.77253837787
    }, 
    {
        "date": "2016-07-13", 
        "value": 95022.40040256473
    }, 
    {
        "date": "2016-07-14", 
        "value": 41401.200972437386
    }, 
    {
        "date": "2016-07-15", 
        "value": 183846.47705915576
    }, 
    {
        "date": "2016-07-16", 
        "value": 114247.21116015536
    }, 
    {
        "date": "2016-07-17", 
        "value": 34743.36459470002
    }, 
    {
        "date": "2016-07-18", 
        "value": 11872.77812834004
    }, 
    {
        "date": "2016-07-19", 
        "value": 28822.077421492377
    }
]