[
    {
        "group_name": "important notes",
        "notes": [
            {
                "id": 1,
                "title": "Et illum quos esse ad.",
                "content": "Et aut et deleniti doloribus ut eligendi modi iusto odit dolorem magni quisquam.",
                "date": "Wed 30.09.2015"
            },
            {
                "id": 2,
                "title": "Quia ut necessitatibus vel ea quibusdam.",
                "content": "Quis expedita omnis saepe qui tempore suscipit adipisci totam est non porro iure velit earum eveniet eius amet ut assumenda aliquam dolor.",
                "date": "Tue 29.09.2015"
            },
            {
                "id": 3,
                "title": "Illum aut minus eos in dolore.",
                "content": "Totam optio qui sunt repudiandae ut aut ut nihil nobis ratione mollitia et tenetur rerum molestiae explicabo aut sit alias et.",
                "date": "Mon 28.09.2015"
            },
            {
                "id": 4,
                "title": "Ipsam possimus ipsum cupiditate amet consequuntur.",
                "content": "Aspernatur qui voluptatibus et iure sit cum corporis ad a sunt error cum eius molestiae tenetur et inventore maxime dolorem et est beatae beatae accusantium quia.",
                "date": "Sun 27.09.2015"
            },
            {
                "id": 5,
                "title": "Voluptates temporibus dolorem laborum vel.",
                "content": "Distinctio est ducimus ut ratione ut et non cum qui in quod tempora officia ullam quia vel et.",
                "date": "Sat 26.09.2015"
            },
            {
                "id": 6,
                "title": "Qui omnis officiis ut aliquid accusamus.",
                "content": "Voluptatum doloremque modi illum pariatur voluptates corrupti blanditiis repudiandae et unde esse aut suscipit modi libero est dolorem dolores commodi accusamus omnis non.",
                "date": "Fri 25.09.2015"
            }
        ]
    },
    {
        "group_name": "Other notes",
        "notes": [
            {
                "id": 7,
                "title": "Molestiae eos nisi nulla nulla consectetur.",
                "content": "Quis ad in velit quaerat autem quisquam quidem aliquid possimus praesentium et ab aut voluptatem est est.",
                "date": "Thu 24.09.2015"
            },
            {
                "id": 8,
                "title": "Laboriosam natus et cupiditate vero.",
                "content": "Libero omnis aliquid laudantium maxime molestias corporis est ullam sit officia sint perspiciatis quis soluta quo est magni voluptatem quisquam dignissimos neque voluptas consequatur.",
                "date": "Wed 23.09.2015"
            },
            {
                "id": 9,
                "title": "Atque distinctio quasi minus sunt.",
                "content": "Est sit dolor dolor adipisci soluta debitis est ipsa eveniet quidem voluptas assumenda quaerat molestiae sit excepturi praesentium dolor amet corporis.",
                "date": "Tue 22.09.2015"
            },
            {
                "id": 10,
                "title": "Quis facilis voluptate quisquam alias numquam.",
                "content": "Commodi excepturi quasi at necessitatibus doloribus eveniet delectus fugiat unde nostrum dolorem corrupti.",
                "date": "Mon 21.09.2015"
            },
            {
                "id": 11,
                "title": "Nesciunt quo delectus doloribus quasi.",
                "content": "Libero assumenda modi nihil autem tenetur minima est vitae expedita vel rem sequi itaque laudantium sint.",
                "date": "Sun 20.09.2015"
            },
            {
                "id": 12,
                "title": "Quos quia dicta sequi earum.",
                "content": "Ab voluptas quibusdam cupiditate animi tenetur odit deserunt culpa consequuntur laborum veniam debitis in et consequatur consequatur est quia quae aliquam neque.",
                "date": "Sat 19.09.2015"
            },
            {
                "id": 13,
                "title": "Culpa atque non dolores illum voluptas.",
                "content": "Assumenda quia sint voluptatem temporibus doloribus modi soluta debitis velit voluptatibus sed placeat.",
                "date": "Fri 18.09.2015"
            },
            {
                "id": 14,
                "title": "Corporis dolorum perferendis natus molestiae sed debitis.",
                "content": "Est ea distinctio iusto praesentium vero et unde et ratione nulla natus aperiam sed nihil distinctio illo aliquam necessitatibus.",
                "date": "Thu 17.09.2015"
            },
            {
                "id": 15,
                "title": "Nostrum consequuntur saepe dolorem sunt.",
                "content": "Consequatur et ipsam amet laudantium qui ea facere perferendis aut sunt tempora dolorem impedit ea iure eius repudiandae soluta ea omnis repudiandae.",
                "date": "Wed 16.09.2015"
            },
            {
                "id": 16,
                "title": "Aut tempore consequatur ut.",
                "content": "Ut dolores enim quas labore quia et odio ad eum accusamus temporibus quia cupiditate eius.",
                "date": "Tue 15.09.2015"
            },
            {
                "id": 17,
                "title": "Voluptates corrupti laboriosam velit omnis nam voluptates.",
                "content": "Quas dignissimos fuga sit enim vel enim et ipsam ut eaque eum in accusantium eos iure est ex.",
                "date": "Mon 14.09.2015"
            },
            {
                "id": 18,
                "title": "Deleniti at similique veniam.",
                "content": "Facilis ut eveniet ipsa ut cumque qui est est ratione beatae ut id reprehenderit facilis impedit nam nihil rem voluptas explicabo aspernatur possimus dolore et autem dolores.",
                "date": "Sun 13.09.2015"
            },
            {
                "id": 19,
                "title": "Fuga iure ut quia libero quo non.",
                "content": "Autem et non consequatur et sunt magni dolore officia quia culpa voluptatem et quia aut sit quia ab modi libero recusandae aut.",
                "date": "Sat 12.09.2015"
            },
            {
                "id": 20,
                "title": "Corporis aut corporis et ut.",
                "content": "Consequuntur ab adipisci architecto voluptas laborum delectus perferendis ipsum hic et ipsa a deleniti sapiente saepe error quidem vero magni.",
                "date": "Fri 11.09.2015"
            }
        ]
    }
]