[
    {
        "id": 1,
        "avatar": "assets\/img\/avatars\/avatar_10_tn.png",
        "name": "Student1",
        "major": "Chemistry",
        "sex": "male",
        "english": 59,
        "japanese": 91,
        "calculus": 27,
        "geometry": 61
    },
    {
        "id": 2,
        "avatar": "assets\/img\/avatars\/avatar_12_tn.png",
        "name": "Student2",
        "major": "Languages",
        "sex": "female",
        "english": 39,
        "japanese": 21,
        "calculus": 70,
        "geometry": 76
    },
    {
        "id": 3,
        "avatar": "assets\/img\/avatars\/avatar_12_tn.png",
        "name": "Student3",
        "major": "Chemistry",
        "sex": "female",
        "english": 87,
        "japanese": 33,
        "calculus": 41,
        "geometry": 70
    },
    {
        "id": 4,
        "avatar": "assets\/img\/avatars\/avatar_06_tn.png",
        "name": "Student4",
        "major": "Chemistry",
        "sex": "female",
        "english": 41,
        "japanese": 17,
        "calculus": 50,
        "geometry": 87
    },
    {
        "id": 5,
        "avatar": "assets\/img\/avatars\/avatar_06_tn.png",
        "name": "Student5",
        "major": "Languages",
        "sex": "male",
        "english": 35,
        "japanese": 51,
        "calculus": 45,
        "geometry": 69
    },
    {
        "id": 6,
        "avatar": "assets\/img\/avatars\/avatar_10_tn.png",
        "name": "Student6",
        "major": "Mathematics",
        "sex": "male",
        "english": 51,
        "japanese": 19,
        "calculus": 36,
        "geometry": 27
    },
    {
        "id": 7,
        "avatar": "assets\/img\/avatars\/avatar_01_tn.png",
        "name": "Student7",
        "major": "Chemistry",
        "sex": "male",
        "english": 22,
        "japanese": 99,
        "calculus": 81,
        "geometry": 68
    },
    {
        "id": 8,
        "avatar": "assets\/img\/avatars\/avatar_02_tn.png",
        "name": "Student8",
        "major": "Biology",
        "sex": "female",
        "english": 60,
        "japanese": 68,
        "calculus": 50,
        "geometry": 11
    },
    {
        "id": 9,
        "avatar": "assets\/img\/avatars\/avatar_05_tn.png",
        "name": "Student9",
        "major": "Mathematics",
        "sex": "male",
        "english": 81,
        "japanese": 5,
        "calculus": 50,
        "geometry": 15
    },
    {
        "id": 10,
        "avatar": "assets\/img\/avatars\/avatar_04_tn.png",
        "name": "Student10",
        "major": "Languages",
        "sex": "female",
        "english": 32,
        "japanese": 56,
        "calculus": 32,
        "geometry": 89
    },
    {
        "id": 11,
        "avatar": "assets\/img\/avatars\/avatar_07_tn.png",
        "name": "Student11",
        "major": "Chemistry",
        "sex": "female",
        "english": 70,
        "japanese": 49,
        "calculus": 100,
        "geometry": 15
    },
    {
        "id": 12,
        "avatar": "assets\/img\/avatars\/avatar_06_tn.png",
        "name": "Student12",
        "major": "Mathematics",
        "sex": "male",
        "english": 93,
        "japanese": 26,
        "calculus": 50,
        "geometry": 60
    },
    {
        "id": 13,
        "avatar": "assets\/img\/avatars\/avatar_06_tn.png",
        "name": "Student13",
        "major": "Languages",
        "sex": "male",
        "english": 32,
        "japanese": 54,
        "calculus": 96,
        "geometry": 29
    },
    {
        "id": 14,
        "avatar": "assets\/img\/avatars\/avatar_01_tn.png",
        "name": "Student14",
        "major": "Languages",
        "sex": "female",
        "english": 37,
        "japanese": 96,
        "calculus": 85,
        "geometry": 83
    },
    {
        "id": 15,
        "avatar": "assets\/img\/avatars\/avatar_08_tn.png",
        "name": "Student15",
        "major": "Mathematics",
        "sex": "female",
        "english": 24,
        "japanese": 14,
        "calculus": 94,
        "geometry": 46
    },
    {
        "id": 16,
        "avatar": "assets\/img\/avatars\/avatar_01_tn.png",
        "name": "Student16",
        "major": "Languages",
        "sex": "male",
        "english": 83,
        "japanese": 26,
        "calculus": 49,
        "geometry": 70
    },
    {
        "id": 17,
        "avatar": "assets\/img\/avatars\/avatar_10_tn.png",
        "name": "Student17",
        "major": "Biology",
        "sex": "male",
        "english": 23,
        "japanese": 90,
        "calculus": 44,
        "geometry": 52
    },
    {
        "id": 18,
        "avatar": "assets\/img\/avatars\/avatar_12_tn.png",
        "name": "Student18",
        "major": "Chemistry",
        "sex": "male",
        "english": 22,
        "japanese": 2,
        "calculus": 82,
        "geometry": 57
    },
    {
        "id": 19,
        "avatar": "assets\/img\/avatars\/avatar_12_tn.png",
        "name": "Student19",
        "major": "Biology",
        "sex": "female",
        "english": 74,
        "japanese": 59,
        "calculus": 69,
        "geometry": 69
    },
    {
        "id": 20,
        "avatar": "assets\/img\/avatars\/avatar_12_tn.png",
        "name": "Student20",
        "major": "Biology",
        "sex": "male",
        "english": 46,
        "japanese": 79,
        "calculus": 32,
        "geometry": 2
    },
    {
        "id": 21,
        "avatar": "assets\/img\/avatars\/avatar_11_tn.png",
        "name": "Student21",
        "major": "Chemistry",
        "sex": "male",
        "english": 21,
        "japanese": 46,
        "calculus": 27,
        "geometry": 12
    },
    {
        "id": 22,
        "avatar": "assets\/img\/avatars\/avatar_10_tn.png",
        "name": "Student22",
        "major": "Mathematics",
        "sex": "female",
        "english": 23,
        "japanese": 8,
        "calculus": 92,
        "geometry": 69
    },
    {
        "id": 23,
        "avatar": "assets\/img\/avatars\/avatar_05_tn.png",
        "name": "Student23",
        "major": "Languages",
        "sex": "female",
        "english": 70,
        "japanese": 3,
        "calculus": 90,
        "geometry": 30
    },
    {
        "id": 24,
        "avatar": "assets\/img\/avatars\/avatar_03_tn.png",
        "name": "Student24",
        "major": "Chemistry",
        "sex": "male",
        "english": 53,
        "japanese": 23,
        "calculus": 36,
        "geometry": 94
    },
    {
        "id": 25,
        "avatar": "assets\/img\/avatars\/avatar_04_tn.png",
        "name": "Student25",
        "major": "Biology",
        "sex": "male",
        "english": 94,
        "japanese": 49,
        "calculus": 76,
        "geometry": 20
    },
    {
        "id": 26,
        "avatar": "assets\/img\/avatars\/avatar_08_tn.png",
        "name": "Student26",
        "major": "Chemistry",
        "sex": "female",
        "english": 85,
        "japanese": 61,
        "calculus": 29,
        "geometry": 93
    },
    {
        "id": 27,
        "avatar": "assets\/img\/avatars\/avatar_10_tn.png",
        "name": "Student27",
        "major": "Chemistry",
        "sex": "male",
        "english": 66,
        "japanese": 99,
        "calculus": 42,
        "geometry": 14
    },
    {
        "id": 28,
        "avatar": "assets\/img\/avatars\/avatar_08_tn.png",
        "name": "Student28",
        "major": "Languages",
        "sex": "male",
        "english": 56,
        "japanese": 89,
        "calculus": 94,
        "geometry": 43
    },
    {
        "id": 29,
        "avatar": "assets\/img\/avatars\/avatar_08_tn.png",
        "name": "Student29",
        "major": "Chemistry",
        "sex": "male",
        "english": 53,
        "japanese": 24,
        "calculus": 77,
        "geometry": 88
    },
    {
        "id": 30,
        "avatar": "assets\/img\/avatars\/avatar_09_tn.png",
        "name": "Student30",
        "major": "Biology",
        "sex": "female",
        "english": 66,
        "japanese": 65,
        "calculus": 45,
        "geometry": 39
    },
    {
        "id": 31,
        "avatar": "assets\/img\/avatars\/avatar_02_tn.png",
        "name": "Student31",
        "major": "Mathematics",
        "sex": "male",
        "english": 54,
        "japanese": 99,
        "calculus": 91,
        "geometry": 14
    },
    {
        "id": 32,
        "avatar": "assets\/img\/avatars\/avatar_07_tn.png",
        "name": "Student32",
        "major": "Chemistry",
        "sex": "female",
        "english": 97,
        "japanese": 84,
        "calculus": 63,
        "geometry": 17
    },
    {
        "id": 33,
        "avatar": "assets\/img\/avatars\/avatar_02_tn.png",
        "name": "Student33",
        "major": "Chemistry",
        "sex": "male",
        "english": 80,
        "japanese": 84,
        "calculus": 34,
        "geometry": 40
    },
    {
        "id": 34,
        "avatar": "assets\/img\/avatars\/avatar_01_tn.png",
        "name": "Student34",
        "major": "Chemistry",
        "sex": "female",
        "english": 27,
        "japanese": 19,
        "calculus": 53,
        "geometry": 87
    },
    {
        "id": 35,
        "avatar": "assets\/img\/avatars\/avatar_02_tn.png",
        "name": "Student35",
        "major": "Languages",
        "sex": "male",
        "english": 66,
        "japanese": 63,
        "calculus": 36,
        "geometry": 15
    },
    {
        "id": 36,
        "avatar": "assets\/img\/avatars\/avatar_07_tn.png",
        "name": "Student36",
        "major": "Chemistry",
        "sex": "male",
        "english": 96,
        "japanese": 18,
        "calculus": 85,
        "geometry": 87
    },
    {
        "id": 37,
        "avatar": "assets\/img\/avatars\/avatar_11_tn.png",
        "name": "Student37",
        "major": "Biology",
        "sex": "male",
        "english": 76,
        "japanese": 76,
        "calculus": 98,
        "geometry": 45
    },
    {
        "id": 38,
        "avatar": "assets\/img\/avatars\/avatar_02_tn.png",
        "name": "Student38",
        "major": "Mathematics",
        "sex": "male",
        "english": 46,
        "japanese": 47,
        "calculus": 27,
        "geometry": 51
    },
    {
        "id": 39,
        "avatar": "assets\/img\/avatars\/avatar_11_tn.png",
        "name": "Student39",
        "major": "Languages",
        "sex": "male",
        "english": 56,
        "japanese": 22,
        "calculus": 66,
        "geometry": 23
    },
    {
        "id": 40,
        "avatar": "assets\/img\/avatars\/avatar_11_tn.png",
        "name": "Student40",
        "major": "Mathematics",
        "sex": "female",
        "english": 64,
        "japanese": 72,
        "calculus": 98,
        "geometry": 87
    },
    {
        "id": 41,
        "avatar": "assets\/img\/avatars\/avatar_03_tn.png",
        "name": "Student41",
        "major": "Mathematics",
        "sex": "female",
        "english": 47,
        "japanese": 71,
        "calculus": 100,
        "geometry": 20
    },
    {
        "id": 42,
        "avatar": "assets\/img\/avatars\/avatar_09_tn.png",
        "name": "Student42",
        "major": "Biology",
        "sex": "female",
        "english": 54,
        "japanese": 95,
        "calculus": 97,
        "geometry": 1
    },
    {
        "id": 43,
        "avatar": "assets\/img\/avatars\/avatar_03_tn.png",
        "name": "Student43",
        "major": "Mathematics",
        "sex": "male",
        "english": 33,
        "japanese": 2,
        "calculus": 91,
        "geometry": 82
    },
    {
        "id": 44,
        "avatar": "assets\/img\/avatars\/avatar_05_tn.png",
        "name": "Student44",
        "major": "Languages",
        "sex": "female",
        "english": 59,
        "japanese": 75,
        "calculus": 21,
        "geometry": 38
    },
    {
        "id": 45,
        "avatar": "assets\/img\/avatars\/avatar_11_tn.png",
        "name": "Student45",
        "major": "Chemistry",
        "sex": "male",
        "english": 44,
        "japanese": 74,
        "calculus": 48,
        "geometry": 5
    },
    {
        "id": 46,
        "avatar": "assets\/img\/avatars\/avatar_04_tn.png",
        "name": "Student46",
        "major": "Languages",
        "sex": "male",
        "english": 53,
        "japanese": 22,
        "calculus": 68,
        "geometry": 64
    },
    {
        "id": 47,
        "avatar": "assets\/img\/avatars\/avatar_02_tn.png",
        "name": "Student47",
        "major": "Biology",
        "sex": "male",
        "english": 65,
        "japanese": 39,
        "calculus": 43,
        "geometry": 87
    },
    {
        "id": 48,
        "avatar": "assets\/img\/avatars\/avatar_06_tn.png",
        "name": "Student48",
        "major": "Biology",
        "sex": "female",
        "english": 79,
        "japanese": 36,
        "calculus": 47,
        "geometry": 62
    },
    {
        "id": 49,
        "avatar": "assets\/img\/avatars\/avatar_04_tn.png",
        "name": "Student49",
        "major": "Chemistry",
        "sex": "male",
        "english": 61,
        "japanese": 24,
        "calculus": 55,
        "geometry": 25
    },
    {
        "id": 50,
        "avatar": "assets\/img\/avatars\/avatar_04_tn.png",
        "name": "Student50",
        "major": "Languages",
        "sex": "male",
        "english": 74,
        "japanese": 1,
        "calculus": 86,
        "geometry": 80
    }
]