[
    {
        "list_name": "personal",
        "tasks": [
            {
                "id": 1,
                "title": "Task 1",
                "description": "Quisquam a vero repellat facilis recusandae in.",
                "closed": false,
                "important": false,
                "subtasks": [
                    {
                        "id": 2,
                        "title": "Task 1 subtask 1",
                        "description": "Voluptas sed nam voluptas pariatur itaque fuga.",
                        "closed": true,
                        "important": false
                    },
                    {
                        "id": 3,
                        "title": "Task 1 subtask 2",
                        "description": "Dolores adipisci et tenetur aut est temporibus.",
                        "closed": false,
                        "important": false
                    },
                    {
                        "id": 4,
                        "title": "Task 1 subtask 3",
                        "description": "Dolorem omnis et eaque quas eos dolore.",
                        "closed": false,
                        "important": false
                    }
                ]
            },
            {
                "id": 5,
                "title": "Important Task",
                "description": "Dolor ratione eum tenetur perferendis est nulla laborum.",
                "closed": false,
                "important": true
            },
            {
                "id": 6,
                "title": "Another Task",
                "description": "Voluptas molestiae a magnam ducimus commodi praesentium.",
                "closed": false,
                "important": false
            },
            {
                "id": 7,
                "title": "Another Task",
                "description": "Omnis earum quia quis quia modi deserunt qui dolorem non.",
                "closed": false,
                "important": false,
                "subtasks": [
                    {
                        "id": 8,
                        "title": "Another Task subtask 1",
                        "description": "Et doloremque deserunt iusto dolorem quo.",
                        "closed": true,
                        "important": false
                    }
                ]
            }
        ]
    },
    {
        "list_name": "work",
        "tasks": [
            {
                "id": 9,
                "title": "Another Task",
                "description": "Nesciunt quam maiores quod voluptate sit et repellat.",
                "closed": false,
                "important": false
            },
            {
                "id": 10,
                "title": "Task 1",
                "description": "Amet qui rerum vitae illo blanditiis.",
                "closed": false,
                "important": false,
                "subtasks": [
                    {
                        "id": 11,
                        "title": "Task 1 subtask 1",
                        "description": "Cum quia sequi et voluptatum quidem.",
                        "closed": true,
                        "important": false
                    },
                    {
                        "id": 12,
                        "title": "Task 1 subtask 2",
                        "description": "Asperiores optio qui placeat labore consequatur placeat voluptas quibusdam.",
                        "closed": false,
                        "important": false
                    }
                ]
            },
            {
                "id": 13,
                "title": "Task 2",
                "description": "Nesciunt quam maiores quod voluptate sit et repellat.",
                "closed": true,
                "important": false
            },
            {
                "id": 14,
                "title": "Task 3",
                "description": "Nesciunt quam maiores quod voluptate sit et repellat.",
                "closed": true,
                "important": false
            }
        ]
    }
]